business_name,email_subject,email_body,live_url,sent_at
McFarland Automotive,I built McFarland Automotive a website,"Most people check online before they call a local business.||So I built one for you.||||Take a look: https://mcfarland-automotive.netlify.app||||If you want to keep it live, it's $99/month. I handle everything. Cancel anytime.||||I'll keep it up for 7 days. After that it comes down.||||Landon",https://mcfarland-automotive.netlify.app,
All-Tec Auto Repair,I built All-Tec Auto Repair a website,"Most people check online before they call a local business.||So I built one for you.||||Take a look: https://all-tec-auto-repair.netlify.app||||If you want to keep it live, it's $99/month. I handle everything. Cancel anytime.||||I'll keep it up for 7 days. After that it comes down.||||Landon",https://all-tec-auto-repair.netlify.app,
Master Tech Auto Services,I built Master Tech Auto Services a website,"Most people check online before they call a local business.||So I built one for you.||||Take a look: https://master-tech-auto-services.netlify.app||||If you want to keep it live, it's $99/month. I handle everything. Cancel anytime.||||I'll keep it up for 7 days. After that it comes down.||||Landon",https://master-tech-auto-services.netlify.app,
Master AutoTech,I built Master AutoTech a website,"Most people check online before they call a local business.||So I built one for you.||||Take a look: https://master-autotech.netlify.app||||If you want to keep it live, it's $99/month. I handle everything. Cancel anytime.||||I'll keep it up for 7 days. After that it comes down.||||Landon",https://master-autotech.netlify.app,2026-04-11T07:30:29.551Z
Roy's Auto Service,I built Roy's Auto Service a website,"Most people check online before they call a local business.||So I built one for you.||||Take a look: https://roy-s-auto-service.netlify.app||||If you want to keep it live, it's $99/month. I handle everything. Cancel anytime.||||I'll keep it up for 7 days. After that it comes down.||||Landon",https://roy-s-auto-service.netlify.app,
Master AutoTech,I built Master AutoTech a website,"Most people check online before they call a local business.||So I built one for you.||||Take a look: https://master-autotech.netlify.app||||If you want to keep it live, it's $99/month. I handle everything. Cancel anytime.||||I'll keep it up for 7 days. After that it comes down.||||Landon",https://master-autotech.netlify.app,2026-04-11T07:30:30.601Z
Sav-Mor Auto Clinic Inc,I built Sav-Mor Auto Clinic Inc a website,"Most people check online before they call a local business.||So I built one for you.||||Take a look: https://sav-mor-auto-clinic-inc.netlify.app||||If you want to keep it live, it's $99/month. I handle everything. Cancel anytime.||||I'll keep it up for 7 days. After that it comes down.||||Landon",https://sav-mor-auto-clinic-inc.netlify.app,
"John's Heating, Cooling, and Plumbing","I built John's Heating, Cooling, and Plumbing a website","I was searching for a plumber in Mesa and your name came up, but there was no website.||So I built one for you.||||Take a look: https://john-s-heating-cooling-and-plumbing.netlify.app||||If you want to keep it live, it's $99/month. I handle everything. Cancel anytime.||||I'll keep it up for 7 days. After that it comes down.||||Landon",https://john-s-heating-cooling-and-plumbing.netlify.app,
Semper Fi Heating and Cooling,I built Semper Fi Heating and Cooling a website,"I was searching for a plumber in Mesa and your name came up, but there was no website.||So I built one for you.||||Take a look: https://semper-fi-heating-and-cooling.netlify.app||||If you want to keep it live, it's $99/month. I handle everything. Cancel anytime.||||I'll keep it up for 7 days. After that it comes down.||||Landon",https://semper-fi-heating-and-cooling.netlify.app,
Arizona's Dukes of Air & Plumbing,I built Arizona's Dukes of Air & Plumbing a website,"Homeowners in Mesa spend weeks researching contractors before making a single call.||So I built one for you.||||Take a look: https://arizona-s-dukes-of-air-plumbing.netlify.app||||If you want to keep it live, it's $99/month. I handle everything. Cancel anytime.||||I'll keep it up for 7 days. After that it comes down.||||Landon",https://arizona-s-dukes-of-air-plumbing.netlify.app,
"Air Care Cooling, Heating and Plumbing","I built Air Care Cooling, Heating and Plumbing a website","I was searching for a plumber in Mesa and your name came up, but there was no website.||So I built one for you.||||Take a look: https://air-care-cooling-heating-and-plumbing.netlify.app||||If you want to keep it live, it's $99/month. I handle everything. Cancel anytime.||||I'll keep it up for 7 days. After that it comes down.||||Landon",https://air-care-cooling-heating-and-plumbing.netlify.app,
Comfort Experts,I built Comfort Experts a website,"Homeowners in Mesa spend weeks researching contractors before making a single call.||So I built one for you.||||Take a look: https://comfort-experts.netlify.app||||If you want to keep it live, it's $99/month. I handle everything. Cancel anytime.||||I'll keep it up for 7 days. After that it comes down.||||Landon",https://comfort-experts.netlify.app,
Rusty's Air Conditioning And Heating,I built Rusty's Air Conditioning And Heating a website,"Most people check online before they call a local business.||So I built one for you.||||Take a look: https://rusty-s-air-conditioning-and-heating.netlify.app||||If you want to keep it live, it's $99/month. I handle everything. Cancel anytime.||||I'll keep it up for 7 days. After that it comes down.||||Landon",https://rusty-s-air-conditioning-and-heating.netlify.app,
Parker & Sons,I built Parker & Sons a website,"Homeowners in Phoenix spend weeks researching contractors before making a single call.||So I built one for you.||||Take a look: https://parker-sons.netlify.app||||If you want to keep it live, it's $99/month. I handle everything. Cancel anytime.||||I'll keep it up for 7 days. After that it comes down.||||Landon",https://parker-sons.netlify.app,
Norris Air,I built Norris Air a website,"Homeowners in Mesa spend weeks researching contractors before making a single call.||So I built one for you.||||Take a look: https://norris-air.netlify.app||||If you want to keep it live, it's $99/month. I handle everything. Cancel anytime.||||I'll keep it up for 7 days. After that it comes down.||||Landon",https://norris-air.netlify.app,
Hansen Family Plumbing & Air,I built Hansen Family Plumbing & Air a website,"I was searching for a plumber in Mesa and your name came up, but there was no website.||So I built one for you.||||Take a look: https://hansen-family-plumbing-air.netlify.app||||If you want to keep it live, it's $99/month. I handle everything. Cancel anytime.||||I'll keep it up for 7 days. After that it comes down.||||Landon",https://hansen-family-plumbing-air.netlify.app,
PlumbSmart Plumbing Heating and Air,I built PlumbSmart Plumbing Heating and Air a website,"I was searching for a plumber in Mesa and your name came up, but there was no website.||So I built one for you.||||Take a look: https://plumbsmart-plumbing-heating-and-air.netlify.app||||If you want to keep it live, it's $99/month. I handle everything. Cancel anytime.||||I'll keep it up for 7 days. After that it comes down.||||Landon",https://plumbsmart-plumbing-heating-and-air.netlify.app,
Heath's Air LLC,I built Heath's Air LLC a website,"Homeowners in Mesa spend weeks researching contractors before making a single call.||So I built one for you.||||Take a look: https://heath-s-air-llc.netlify.app||||If you want to keep it live, it's $99/month. I handle everything. Cancel anytime.||||I'll keep it up for 7 days. After that it comes down.||||Landon",https://heath-s-air-llc.netlify.app,
Goettl Air Conditioning and Plumbing - Phoenix AZ,I built Goettl Air Conditioning and Plumbing - Phoenix AZ a website,"I was searching for a plumber in Phoenix and your name came up, but there was no website.||So I built one for you.||||Take a look: https://goettl-air-conditioning-and-plumbing-phoenix-az.netlify.app||||If you want to keep it live, it's $99/month. I handle everything. Cancel anytime.||||I'll keep it up for 7 days. After that it comes down.||||Landon",https://goettl-air-conditioning-and-plumbing-phoenix-az.netlify.app,
JMAC Heating & Cooling,I built JMAC Heating & Cooling a website,"Homeowners in Mesa spend weeks researching contractors before making a single call.||So I built one for you.||||Take a look: https://jmac-heating-cooling.netlify.app||||If you want to keep it live, it's $99/month. I handle everything. Cancel anytime.||||I'll keep it up for 7 days. After that it comes down.||||Landon",https://jmac-heating-cooling.netlify.app,
"Penguin Air, Plumbing & Electrical","I built Penguin Air, Plumbing & Electrical a website","Homeowners in Phoenix spend weeks researching contractors before making a single call.||So I built one for you.||||Take a look: https://penguin-air-plumbing-electrical.netlify.app||||If you want to keep it live, it's $99/month. I handle everything. Cancel anytime.||||I'll keep it up for 7 days. After that it comes down.||||Landon",https://penguin-air-plumbing-electrical.netlify.app,
Western States Home Services,I built Western States Home Services a website,"I was searching for a plumber in Mesa and your name came up, but there was no website.||So I built one for you.||||Take a look: https://western-states-home-services.netlify.app||||If you want to keep it live, it's $99/month. I handle everything. Cancel anytime.||||I'll keep it up for 7 days. After that it comes down.||||Landon",https://western-states-home-services.netlify.app,
Lipovic Heating & Cooling,I built Lipovic Heating & Cooling a website,"Homeowners in Mesa spend weeks researching contractors before making a single call.||So I built one for you.||||Take a look: https://lipovic-heating-cooling.netlify.app||||If you want to keep it live, it's $99/month. I handle everything. Cancel anytime.||||I'll keep it up for 7 days. After that it comes down.||||Landon",https://lipovic-heating-cooling.netlify.app,
AC by J,AC by J is losing customers right now,"Someone in Scottsdale searched for contractor help last night and called whoever showed up first.||You weren't there. 📵||So I built you a website. Take a look: https://ac-by-j.netlify.app||Here's what it does for you:||📍 Shows up on Google when locals search for your service||💬 Answers customer questions 24/7 with a built-in chat assistant||⭐ Displays your reviews and builds trust before they ever call||All of it runs itself. You do nothing.||$99/month. I handle everything including updates, changes, and the chat agent. Cancel anytime.||The site comes down in 7 days if I don't hear from you. 📅||Just reply to this email if you want to keep it.||Landon",https://ac-by-j.netlify.app,
Scottsdale Air Heating & Cooling,Scottsdale Air Heating & Cooling is losing customers right now,"Someone in Tempe searched for contractor help last night and called whoever showed up first.||You weren't there. 📵||So I built you a website. Take a look: https://scottsdale-air-heating-cooling.netlify.app||Here's what it does for you:||📍 Shows up on Google when locals search for your service||💬 Answers customer questions 24/7 with a built-in chat assistant||⭐ Displays your reviews and builds trust before they ever call||All of it runs itself. You do nothing.||$99/month. I handle everything including updates, changes, and the chat agent. Cancel anytime.||The site comes down in 7 days if I don't hear from you. 📅||Just reply to this email if you want to keep it.||Landon",https://scottsdale-air-heating-cooling.netlify.app,2026-04-11T07:30:31.545Z
Scottsdale Air Heating & Cooling,Scottsdale Air Heating & Cooling is losing customers right now,"Someone in Phoenix searched for contractor help last night and called whoever showed up first.||You weren't there. 📵||So I built you a website. Take a look: https://scottsdale-air-heating-cooling.netlify.app||Here's what it does for you:||📍 Shows up on Google when locals search for your service||💬 Answers customer questions 24/7 with a built-in chat assistant||⭐ Displays your reviews and builds trust before they ever call||All of it runs itself. You do nothing.||$99/month. I handle everything including updates, changes, and the chat agent. Cancel anytime.||The site comes down in 7 days if I don't hear from you. 📅||Just reply to this email if you want to keep it.||Landon",https://scottsdale-air-heating-cooling.netlify.app,2026-04-11T07:30:32.951Z
Maricopa Air Conditioning and Heating,Maricopa Air Conditioning and Heating is losing customers right now,"Someone in Scottsdale searched for contractor help last night and called whoever showed up first.||You weren't there. 📵||So I built you a website. Take a look: https://maricopa-air-conditioning-and-heating.netlify.app||Here's what it does for you:||📍 Shows up on Google when locals search for your service||💬 Answers customer questions 24/7 with a built-in chat assistant||⭐ Displays your reviews and builds trust before they ever call||All of it runs itself. You do nothing.||$99/month. I handle everything including updates, changes, and the chat agent. Cancel anytime.||The site comes down in 7 days if I don't hear from you. 📅||Just reply to this email if you want to keep it.||Landon",https://maricopa-air-conditioning-and-heating.netlify.app,
Alaskan Air Conditioning & Heating,Alaskan Air Conditioning & Heating is losing customers right now,"Someone in Scottsdale searched for contractor help last night and called whoever showed up first.||You weren't there. 📵||So I built you a website. Take a look: https://alaskan-air-conditioning-heating.netlify.app||Here's what it does for you:||📍 Shows up on Google when locals search for your service||💬 Answers customer questions 24/7 with a built-in chat assistant||⭐ Displays your reviews and builds trust before they ever call||All of it runs itself. You do nothing.||$99/month. I handle everything including updates, changes, and the chat agent. Cancel anytime.||The site comes down in 7 days if I don't hear from you. 📅||Just reply to this email if you want to keep it.||Landon",https://alaskan-air-conditioning-heating.netlify.app,2026-04-11T07:16:02.720Z
Larson Air Conditioning,Larson Air Conditioning is losing customers right now,"Someone in Scottsdale searched for contractor help last night and called whoever showed up first.||You weren't there. 📵||So I built you a website. Take a look: https://larson-air-conditioning.netlify.app||Here's what it does for you:||📍 Shows up on Google when locals search for your service||💬 Answers customer questions 24/7 with a built-in chat assistant||⭐ Displays your reviews and builds trust before they ever call||All of it runs itself. You do nothing.||$99/month. I handle everything including updates, changes, and the chat agent. Cancel anytime.||The site comes down in 7 days if I don't hear from you. 📅||Just reply to this email if you want to keep it.||Landon",https://larson-air-conditioning.netlify.app,
Champion Air,Champion Air is losing customers right now,"Someone in Scottsdale searched for store help last night and called whoever showed up first.||You weren't there. 📵||So I built you a website. Take a look: https://champion-air.netlify.app||Here's what it does for you:||📍 Shows up on Google when locals search for your service||💬 Answers customer questions 24/7 with a built-in chat assistant||⭐ Displays your reviews and builds trust before they ever call||All of it runs itself. You do nothing.||$99/month. I handle everything including updates, changes, and the chat agent. Cancel anytime.||The site comes down in 7 days if I don't hear from you. 📅||Just reply to this email if you want to keep it.||Landon",https://champion-air.netlify.app,
Air Conditioning of Arizona,Air Conditioning of Arizona is losing customers right now,"Someone in Scottsdale searched for contractor help last night and called whoever showed up first.||You weren't there. 📵||So I built you a website. Take a look: https://air-conditioning-of-arizona.netlify.app||Here's what it does for you:||📍 Shows up on Google when locals search for your service||💬 Answers customer questions 24/7 with a built-in chat assistant||⭐ Displays your reviews and builds trust before they ever call||All of it runs itself. You do nothing.||$99/month. I handle everything including updates, changes, and the chat agent. Cancel anytime.||The site comes down in 7 days if I don't hear from you. 📅||Just reply to this email if you want to keep it.||Landon",https://air-conditioning-of-arizona.netlify.app,
Varsity Zone HVAC of Scottsdale,Varsity Zone HVAC of Scottsdale is losing customers right now,"Someone in Tempe searched for contractor help last night and called whoever showed up first.||You weren't there. 📵||So I built you a website. Take a look: https://varsity-zone-hvac-of-scottsdale.netlify.app||Here's what it does for you:||📍 Shows up on Google when locals search for your service||💬 Answers customer questions 24/7 with a built-in chat assistant||⭐ Displays your reviews and builds trust before they ever call||All of it runs itself. You do nothing.||$99/month. I handle everything including updates, changes, and the chat agent. Cancel anytime.||The site comes down in 7 days if I don't hear from you. 📅||Just reply to this email if you want to keep it.||Landon",https://varsity-zone-hvac-of-scottsdale.netlify.app,
"Day & Night Air Conditioning, Heating, & Plumbing","Day & Night Air Conditioning, Heating, & Plumbing is losing customers right now","Someone in Phoenix searched for plumber help last night and called whoever showed up first.||You weren't there. 📵||So I built you a website. Take a look: https://day-night-air-conditioning-heating-plumbing.netlify.app||Here's what it does for you:||📍 Shows up on Google when locals search for your service||💬 Answers customer questions 24/7 with a built-in chat assistant||⭐ Displays your reviews and builds trust before they ever call||All of it runs itself. You do nothing.||$99/month. I handle everything including updates, changes, and the chat agent. Cancel anytime.||The site comes down in 7 days if I don't hear from you. 📅||Just reply to this email if you want to keep it.||Landon",https://day-night-air-conditioning-heating-plumbing.netlify.app,
Cactus Plumbing And Air,Cactus Plumbing And Air is losing customers right now,"Someone in Scottsdale searched for plumber help last night and called whoever showed up first.||You weren't there. 📵||So I built you a website. Take a look: https://cactus-plumbing-and-air.netlify.app||Here's what it does for you:||📍 Shows up on Google when locals search for your service||💬 Answers customer questions 24/7 with a built-in chat assistant||⭐ Displays your reviews and builds trust before they ever call||All of it runs itself. You do nothing.||$99/month. I handle everything including updates, changes, and the chat agent. Cancel anytime.||The site comes down in 7 days if I don't hear from you. 📅||Just reply to this email if you want to keep it.||Landon",https://cactus-plumbing-and-air.netlify.app,
Alaskan Air Conditioning & Heating,Alaskan Air Conditioning & Heating is losing customers right now,"Someone in Tempe searched for contractor help last night and called whoever showed up first.||You weren't there. 📵||So I built you a website. Take a look: https://alaskan-air-conditioning-heating.netlify.app||Here's what it does for you:||📍 Shows up on Google when locals search for your service||💬 Answers customer questions 24/7 with a built-in chat assistant||⭐ Displays your reviews and builds trust before they ever call||All of it runs itself. You do nothing.||$99/month. I handle everything including updates, changes, and the chat agent. Cancel anytime.||The site comes down in 7 days if I don't hear from you. 📅||Just reply to this email if you want to keep it.||Landon",https://alaskan-air-conditioning-heating.netlify.app,
Master AutoTech,Master AutoTech is losing customers right now,"Someone in Orem searched for store help last night and called whoever showed up first.||You weren't there. 📵||So I built you a website. Take a look: https://master-autotech.netlify.app||Here's what it does for you:||📍 Shows up on Google when locals search for your service||💬 Answers customer questions 24/7 with a built-in chat assistant||⭐ Displays your reviews and builds trust before they ever call||All of it runs itself. You do nothing.||$99/month. I handle everything including updates, changes, and the chat agent. Cancel anytime.||The site comes down in 7 days if I don't hear from you. 📅||Just reply to this email if you want to keep it.||Landon",https://master-autotech.netlify.app,2026-04-11T07:30:34.363Z
Master AutoTech,Master AutoTech is losing customers right now,"Someone in Orem searched for store help last night and called whoever showed up first.||You weren't there. 📵||So I built you a website. Take a look: https://master-autotech.netlify.app||Here's what it does for you:||📍 Shows up on Google when locals search for your service||💬 Answers customer questions 24/7 with a built-in chat assistant||⭐ Displays your reviews and builds trust before they ever call||All of it runs itself. You do nothing.||$99/month. I handle everything including updates, changes, and the chat agent. Cancel anytime.||The site comes down in 7 days if I don't hear from you. 📅||Just reply to this email if you want to keep it.||Landon",https://master-autotech.netlify.app,2026-04-11T07:30:35.288Z
Scottsdale Air Heating & Cooling,Scottsdale Air Heating & Cooling is losing customers right now,"Someone in Tempe searched for contractor help last night and called whoever showed up first.||You weren't there. 📵||So I built you a website. Take a look: https://scottsdale-air-heating-cooling.netlify.app||Here's what it does for you:||📍 Shows up on Google when locals search for your service||💬 Answers customer questions 24/7 with a built-in chat assistant||⭐ Displays your reviews and builds trust before they ever call||All of it runs itself. You do nothing.||$99/month. I handle everything including updates, changes, and the chat agent. Cancel anytime.||The site comes down in 7 days if I don't hear from you. 📅||Just reply to this email if you want to keep it.||Landon",https://scottsdale-air-heating-cooling.netlify.app,2026-04-11T07:30:36.694Z
Alaskan Air Conditioning & Heating,Alaskan Air Conditioning & Heating is losing customers right now,"Someone in Scottsdale searched for contractor help last night and called whoever showed up first.||You weren't there. 📵||So I built you a website. Take a look: https://alaskan-air-conditioning-heating.netlify.app||Here's what it does for you:||📍 Shows up on Google when locals search for your service||💬 Answers customer questions 24/7 with a built-in chat assistant||⭐ Displays your reviews and builds trust before they ever call||All of it runs itself. You do nothing.||$99/month. I handle everything including updates, changes, and the chat agent. Cancel anytime.||The site comes down in 7 days if I don't hear from you. 📅||Just reply to this email if you want to keep it.||Landon",https://alaskan-air-conditioning-heating.netlify.app,
