Business Name,Phone,Website,Rating,Reviews,Address,Trade,City
The HVAC Company,(480) 687-8081,http://www.thehvaccompany.net/,3.4,9,"2450 W Broadway Rd #105, Mesa, AZ 85202, USA",HVAC,Mesa
Tempe Mechanical,(480) 820-1235,https://tempemechanical.net/,4.1,32,"3385 N Nevada St, Chandler, AZ 85225, USA",HVAC,Tempe
Angels Heating & Cooling LLC,(602) 754-4021,https://angelsheatingcooling.com/,3.7,21,"2211 W 1st St, Tempe, AZ 85281, USA",HVAC,Tempe
"Cool Blew, Inc.",(623) 872-2900,,4.1,69,"15911 N 174th Ave, Surprise, AZ 85388, USA",HVAC,Surprise
Arrowhead Aire LLC,(602) 717-1610,http://www.arrowheadaire.com/,4,23,"15021 W Mauna Loa Ln, Surprise, AZ 85379, USA",HVAC,Surprise
"Alliance Plumbing Service & Repair, LLC",(480) 633-3020,http://www.allianceplumbingaz.com/,3.8,171,"2626 E Elwood St, Phoenix, AZ 85040, USA",plumbing,Phoenix
Scottsdale Plumbing Co,(480) 945-9583,http://www.scottsdaleplumbing.com/?utm_campaign=gmb,4,46,"7214 E Granada Rd, Scottsdale, AZ 85257, USA",plumbing,Scottsdale
"Emergency Plumbing, LLC",(480) 425-8262,,3.5,28,"7735 E Gelding Dr, Scottsdale, AZ 85260, USA",plumbing,Scottsdale
J & H Plumbing LLC,(480) 892-6564,https://jandhplumbing.com/,3.4,58,"3015 N Norfolk, Mesa, AZ 85215, USA",plumbing,Mesa
"TCH Plumbing and Air , LLC",(602) 910-3151,http://www.tchplumbing.com/,4.2,63,"3960 E Palm St Building 6, Mesa, AZ 85215, USA",plumbing,Mesa
Epic Plumbing,(480) 834-1466,http://www.epicplumbingaz.com/,3.7,69,"1515 W San Angelo St, Gilbert, AZ 85233, USA",plumbing,Gilbert
Copper State Plumbing Services LLC,(602) 561-3391,,4,23,"13444 W Ocotillo Ln, Surprise, AZ 85374, USA",plumbing,Surprise
Ferguson Plumbing Supply,(623) 544-5200,https://www.ferguson.com/store/az/surprise/plumbingpvf-3581?utm_source=google&utm_medium=organic&utm_campaign=rt_lis_listingtraffic&utm_content=listing,3.6,26,"10779 N Solar Canyon Way, Surprise, AZ 85379, USA",plumbing,Surprise
Super Electric Co,(602) 892-1551,,4,5,"910 S 3rd St, Phoenix, AZ 85004, USA",electrical,Phoenix
Glorious Electric,(520) 702-3424,,4.2,10,"116 N 11th Ave, Phoenix, AZ 85007, USA",electrical,Phoenix
A1 Electric Pros,(602) 894-4555,,4.1,7,"814 N 1st Ave, Phoenix, AZ 85003, USA",electrical,Phoenix
Apollo Electric LLC,(480) 405-7591,https://www.apolloelectricaz.com/,4.2,49,"6910 E Almeria Rd, Scottsdale, AZ 85257, USA",electrical,Scottsdale
Salt River Project,(602) 236-8888,https://www.srpnet.com/,3,11,"6504 E Thomas Rd, Scottsdale, AZ 85251, USA",electrical,Scottsdale
Meade Electrical Services,,https://www.mesaazelectricians.com/,4.2,23,"5023 Casper Rd, Mesa, AZ 85205, USA",electrical,Mesa
Hybrid Electric Arizona,(602) 405-7720,,3.7,6,"1815 W 1st Ave, Mesa, AZ 85202, USA",electrical,Mesa
"Hawkeye Electric, Inc.",(480) 784-6800,http://www.hawkeyeelectric.com/?utm_source=local&utm_medium=organic&utm_campaign=gbp,3.1,17,"6100 W Erie St, Chandler, AZ 85226, USA",electrical,Chandler
"WYE Electric, Inc",(480) 525-8613,http://www.wyeelectric.net/,4.2,9,"5 S Roosevelt Ave, Chandler, AZ 85226, USA",electrical,Chandler
Swain Electric,(480) 832-3299,http://www.swainelectric.com/,4.2,25,"1416 W San Pedro St #101, Gilbert, AZ 85233, USA",electrical,Gilbert
SEC Electrical Contractor LLC,(480) 214-3994,,4.2,5,"1350 W Melody Ave #104, Gilbert, AZ 85233, USA",electrical,Gilbert
"Switch Electric, a Loenbro Company",(602) 368-1455,https://switchelectric.com/contact/,3.4,5,"51 W Vaughn Ave, Gilbert, AZ 85233, USA",electrical,Gilbert
City Electric Supply Gilbert,(480) 900-2120,https://www.cityelectricsupply.com/branches/az/mesa/gilbert,4.1,12,"422 E Baseline Rd, Mesa, AZ 85204, USA",electrical,Gilbert
Coefficient Electric Co.,(520) 337-8027,,3.8,18,"771 N Abalone Ct., Gilbert, AZ 85233, USA",electrical,Gilbert
City Electric Supply Gilbert South,(480) 608-0403,https://www.cityelectricsupply.com/branches/az/gilbert/gilbert-south,3.5,8,"560 E Germann Rd Ste 101, Gilbert, AZ 85297, USA",electrical,Gilbert
DP Electric Inc,(480) 858-9070,http://www.dpelectric.com/,4.2,94,"2210 S Roosevelt St, Tempe, AZ 85282, USA",electrical,Tempe
Wilson Electric Services Corp.,(480) 505-6600,http://www.wilsonelectric.net/,4.1,72,"600 E Gilbert Dr, Tempe, AZ 85288, USA",electrical,Tempe
AME Electrical Contracting Inc,(602) 437-7222,http://www.ameelectrical.com/,3.5,24,"7120 S Priest Dr, Tempe, AZ 85283, USA",electrical,Tempe
Canyon State Electric,(602) 437-3088,https://canyonstateelectric.com/,3.5,36,"1618 S Priest Dr #101, Tempe, AZ 85281, USA",electrical,Tempe
Premier Electrical Staffing,(480) 292-9152,http://www.premierelectricalstaffing.com/,4.2,10,"250 W Baseline Rd Suite 106, Tempe, AZ 85283, USA",electrical,Tempe
Lundell Electrical Services,(480) 654-6400,http://www.lundellelectric.com/,4,8,"1868 E 6th St, Tempe, AZ 85288, USA",electrical,Tempe
Tilmann Electric Inc,(480) 807-5350,http://www.tilmannelectric.com/,3.7,6,"331 S River Dr suite 9, Tempe, AZ 85288, USA",electrical,Tempe
All Perfection Electric LLC,(602) 748-7008,,4.1,14,"15405 W Paradise Ln, Surprise, AZ 85374, USA",electrical,Surprise
Arizona Central Electric,(623) 748-8150,http://azcentralelectric.com/,4.2,5,"14716 N 181st Ave, Surprise, AZ 85388, USA",electrical,Surprise
